PRES_ADJUSTED,PSAL_ADJUSTED,TEMP_ADJUSTED
34.26650,,15.77500
37.56650,35.35701,15.86400
43.66650,35.50602,16.11600
59.26650,35.64801,16.21200
69.56650,35.71001,16.20900
,,
179.26651,35.62402,13.46000
189.06651,35.60302,13.25700
199.06651,35.57602,13.14000
208.86650,35.59502,13.17800
,,
